address,bytecode
0x046e6bea4d53727ccedc2c252ea61d042ff7aba6,
0x0a2b7fd09f82b221f4704dc2501eb4c12cce346d,
0x0BeA4f7Ee7DbD9CCcFBa4b2E7A178dfC1e877723,
0x1dfa9bde6b5bf21536b903ff06d9bd0b64fdff90,
0x22164e957ac4c0cb0f19c49b05e627675436dfe1,
0x31648977b1866b9ace3a426fb1677e536ec1ce8f,
0x32fabade1d0e05f98c8bbe89e66c40db040cbe8e,
0x35792029777427920ce7aDecccE9e645465e9C72,
0x37F39fC0371C1243ddc05C587964B35Ab1206da5,
0x399a40838258af0836cad506cc58bf7a40061ee0,
0x40544a0087989d6864b09c8af74df453021acf41,
0x4bf39e0e3bf4097564ec41ccc26cbf3da3a7417a,
0x5041bfba3deb602d794f6cf6c3db50d572912c40,
0x52469C4FBAeFC3bd25b06BefA45078412465632b,
0x56b18c9ae5f960ccb57366f730152f742904948c,
0x5c457ea26f82df1fca1a8844804a7a89f56dd5e5,
0x5cbDB911fa92261b7606eEA74f35Ef96ac6d2C70,
0x6aa2044c7a0f9e2758edae97247b03a0d7e73d6c,
0x766da880f94c69acb4157e794d7956a29dfa4979,
0x8de9abc2d27b363ac4c23e08c67ea5f43db9bf6f,
0x92685e93956537c25bb75d5d47fca4266dd628b8,
0x93ebbf10084680bae8afdb05955bf1c0dd65948a,
0x97282A7a15f9bEaDC854E8793AAe43B089F14b4e,
0x9fff4bc5166f50eae026e6a57972a149e4fd140f,
0xa39d0fd265b8572d58bd22db9ffa8e483cad0dbd,
0xa50ee6fbcff43cd4150a1e1bec8e764da343e37d,
0xab7e45c80a2e46127663dc59ecf96d5af3a1e794,
0xbF43a143881De80700f63a7da29819d1b0A7d027,
0xc01c1eb26edbda9ef749ccd0aab78f916e310600,
0xc14971b19a39327C032CcFfBD1b714C0F886dc76,
0xc1caec30b787711108957660a3f9306a5d967f66,
0xc6dad66305545ae3111ba7000289ab3426cf02a2,
0xc7dfe4304bd4c9dd6ed414443c077fc06501e9ac,
0xd1DD82d1dED8f40c200b89455050E9C18D918504,
0xd647aa84f4fd6155a6bbc4e0d7f28a000b86db5c,
0xd86b0549fbcd5e5355b6299699a9cf2f54170258,
0xd8f960a98524ccd3194bcd30a714e3c4e387da01,
0xe19d396c4e7f96eba568e9d62ad80ab902d207c8,
0xEA610B1153477720748DC13ED378003941d84fAB,
0xed139a28ec75a336bb1dcd6e3a0aba96c8217774,
0xf2b7f622bbd7edffca61a74fe9b6efda54f40a76,
0xfb26f75ee8c64eff75ea42ef98684b9e5c7b0d05,
0x00762285775b9e01981e0a24112b0761aa17fece,
0x036407f23d5e1c1486f7488332cf54bf06e5f09f,
0x05b3abd9031a31a45121bda59c7bb52fc7db2590,
0x085bf17d6c557254d0370514b97d16307b8f0775,
0x09873cdd92782ee43e7881da138a156e7e8835f5,
0x0a40e12618c3bd5295f39416506b86a70b52e08f,
0x0a61c13945cf8dc008097464534e3b0aeee557d6,
0x0e80715d821e1d5c0f91ca82861cc5946d5c9c97,
0x0f5d2fb29fb7d3cfee444a200298f468908cc942,
0x11f3f41b623f013566231392896308fc336ded25,
0x13bb437ceb28d37cf1a1f711112d9b111f0a11cb,
0x14639c7de58e8f2c714337cf242fa9d26d568665,
0x15893fb926c82f9ba00b7de46947685e100148bb,
0x164f64ef2a44444743c5472fa68fb3784060d286,
0x16ac88dd8b5be520d6a14f4c0963d8249161ab98,
0x175a349186f228e7758cce1c1ba125e0d0514df4,
0x1771e600e72cca46abeab857f301b6bf5a032ca7,
0x17da2b4227bdfbf6c4dc39afea1e4f6e0af575b7,
0x1908ec0d3e5ae7917a0999375c725b08f705dd7e,
0x1a3139caa6c660547d37857a4612b3ceaa41c19f,
0x1c42086ac06a976d0b347b86320b86fe7859f8af,
0x1c43535d06b494a1d6cb7cb550f5689161303aaa,
0x1c4a279df3bc4d6bbaebec3a95f1d3c8bd2afe0b,
0x1dc5b8ccbe7a3669ed59dcd3b3d5afa0fed4ee57,
0x2024668c1bbf8f5d381f05d2307daf1f94dcf8df,
0x20cb0e01f8db33bad61c37ef16b1928ea2c84010,
0x215b4a7cd7f4ad4594867bbcc91cac08c83ab507,
0x2212efd06e557aea1bbbbcabe5ebb747194a9523,
0x23b9ed246ebe37dbc3ee6b0c84743de9d7217abc,
0x2464d1d97f8d0180cfad67bdb19bc30cca69dda0,
0x2469f31a34fcaac0debf73806ce39b2388874b13,
0x265a63cfdf9a0a041ff0d4d33c3fd504da8958f4,
0x269e92d0795694d3e2258d3262412b71ed729032,
0x2770ad33f5798542de5de4bc8beae3fadb8de1e5,
0x279594b6843014376a422ebb26a6eab7a30e36f0,
0x28eec9c792b7c68d225f2e8c12ba3c3d0183b368,
0x29548baf82278c4207dce57d1a44c4ef07981b03,
0x2a3921d36a5945c3b8d7c4df8388fe9028c090b2,
0x2dd35cbbbc058c37acf7821d2abde9595eb4c2c2,
0x2effe9b104b85b45c18342373c6e79b6d5ed8938,
0x30d74165dde6fe5b4c03eecdab34dc4d518d14fa,
0x313ef35a7d18633038c8c5f0c8df1a662991d1f1,
0x3296294a172d541c548819875e027b5fcb3e4a85,
0x33b7a018934c6e90fd63189d7c4517f0f776142f,
0x34213077b630c0208740012e730bdc63c6889892,
0x34ed5195cd23da4b69d09eca0c474011303ceb3a,
0x37592e023cf717da41a15effba4cf7b5f3fed85c,
0x3866259bc60e5b69d5c438db238d3b4c9db37bcb,
0x3a61486eb175364242772398ee3753ad549f430b,
0x3ad041ebf3b2c2e518760372b2b22413bc029114,
0x3bd60d6df851bfd1281d304eae048c6b723f05ad,
0x4319c142f7b6cd722fc3a49289b8a22a7a51ca1e,
0x4721bccae510c30a43aea825e1ab0a28c37d7916,
0x47c8f6f026472f257207b2a1df3e48d1baba9d64,
0x48c7cdadb1313076efdac3fdfb8427b4f58c5b7f,
0x48ca21691aba904a97a2f6807d5433b9b7ae3197,
0x4a96a471dae05d667648cf97fbf0ed926ced059a,
0x4ac00f287f36a6aad655281fe1ca6798c9cb727b,
0x4bb886b9d601d3690a08d46851843b04b0e254ec,
0x4d0f445b379ef03045e439331090d201b5bf83e4,
0x4da8d3de333840e6580f3d86f5a2a4c382ef60fb,
0x4ff0c86f0038dfb8e207eecf492c6547dceab406,
0x528b165220a26565e00709cbaef7b88fc8600f81,
0x52c6229a5a4a3ca88968ac60d3502007eb3f8d86,
0x54345d405d4f459c22954b1a233cd42bfd3a9262,
0x54bda709fed875224eae569bb6817d96ef7ed9ad,
0x552ed8253f341fb770e8badff5a0e0ee2fd57b43,
0x5691b364d7ac59713c67de87430e9e24815531a1,
0x574c44e81f272514e29c6adc411b8c53a856fbe5,
0x5aa777b6ee8828577df686b5f7c16b994125e43e,
0x5bf4796c4e69204ca2cef6906cdde7be6761b372,
0x5d818363b3f083d0262d5a213725636110e89f5d,
0x5e9483af5af106625abb08de51e0d3037d04c3e0,
0x635e3225a76768ccdcf8894d734aec921db55259,
0x651a0320a91272c19bb39af6ed409589761ddd4a,
0x66416d0f07b0cf1cd423b001f181e511f94689c8,
0x66734d6103442d898986eed8fad848b2680d9f5e,
0x67d511f4a4f2bc034ddc5db3b28102d888cdd11f,
0x689169d5c51ee19f277cb85e881f04c3c823cbca,
0x6904cfa3ebd1b845b1c3a6a141ebb18720a3f36d,
0x698d6d565583d9d03e349044c143b54eef6c0604,
0x6bea9fcbb37750cb16473691653d3bf81369cf6d,
0x6e9186d909297c4c3ae154dbacd3286b63cbfff4,
0x6f35804a4261da644f0bcc74338e418339f7c23f,
0x7170dc57aaa5a971f3aecf3bfa5c2cfdd9d73bff,
0x717d6e8b55e0fdf94d74bb27208f5b6074dd9cd4,
0x720608228bda773fe22e816ee72463040f11c19e,
0x7448404e282a15723d19fce55444a1b09bf855d3,
0x78b7fada55a64dd895d8c8c35779dd8b67fa8a05,
0x795a9bfa0b30b92efe663cbfbec1656b6378748e,
0x7cb244b63ffa22d192c94d375e096f174e0faad2,
0x7e8229ffd78f51f1e274d9486afce0ee1a1d793c,
0x81b81da5e48ca11f6bbf6ad64371c1638cdab7ea,
0x8290454923482f7733575bb0682c94befb629d32,
0x833ede3050c27d88e5da6922a312e3fdc15be29b,
0x8413428357b3e3842666c36502c3ddef4eb3fc74,
0x855dbeaa408210a21f4826b0309879101109caeb,
0x86b14014d74981ebe02af2981f0fc9d0ba73c2a2,
0x89476d508e9d6583cdb53c30ae46254e27a50363,
0x8973514695aed340b5d55d60d631be237e8cc43b,
0x8af1381430df31ddf1ff3ee519184bfa9c96352c,
0x8f548f0ceb23ddc9ee76e126b29fae94c607c3bc,
0x923108a439c4e8c2315c4f6521e5ce95b44e9b4c,
0x94298f1e0ab2dfad6eeffb1426846a3c29d98090,
0x96966f00bf7693551e11ed91a904651a1ca66c8e,
0x9aa4df8ef5086186f13f43b41a00c4fff76456ac,
0x9bd1c760208bfb99a82cdf3adac09f4800db78b1,
0x9fe2903c4e08821f05e5347c71d7d20d7dd8c59c,
0xa302faeba4666bc9cdb1a4264e974e571e9be683,
0xa4b15a05fafb15f7b60b69fd9d897f082ae730c6,
0xa4d9d0db195df608cf5c14f8d8bd7bee9bdda987,
0xa5f5f3803f6174c94f71419834ab91dd2eb7963a,
0xa62f42e53425d396d4e260b131b5ebb9defda1b2,
0xa93af667ee2a571298fa3eb6d68d4c24f27ea42e,
0xa94be64ce43e5bf1fc2a1b0433bf35aa2f09a187,
0xaa9cd621b5c47b62d7522c8c76241c8ec6fa75fa,
0xaac8253a42c213b6a9cdf4f25cd5de29d09b96f9,
0xab1726d035976fd2899323c3512508279a11e0b8,
0xae80d3a8e6270858057e7e51558309cdcc829075,
0xb2233fcec42c588ee71a594d9a25aa695345426c,
0xb3cf58cda42910385eaf7022437e764abb47a33e,
0xb4c5d471c73da165f8ab44822ed0eb48e4b94b20,
0xb4ecb1b487d72609c6a3485bb0bb3863e7524b9d,
0xb97048628db6b661d4c2aa833e95dbe1a905b280,
0xbc6ef6c3ced8838153daa1833e1c1f5a2bc9895a,
0xbcd4cd3c7048f64bf0ef61cb0220c2ece8db6c35,
0xbe46b1e6bddc1e1fcf004c9ed6784c9e0cee1038,
0xbeb9ef514a379b997e0798fdcc901ee474b6d9a1,
0xbfa4d71a51b9e0968be4bc299f8ba6cbb2f86789,
0xbfc586a34128d14ecf29d1aaeb71e08aae5827cc,
0xbfdd05ffefc2e6a07c06bb472fa7e5425726de16,
0xc19d40a3659520c11fba9d37599cd945eb6f9fad,
0xc3fb4475013ee38099383fbb6893a64579f0bf53,
0xc6c58d71e9ea31d9237f4f794455641d4938bae3,
0xc7415a04871131db90d67bc8785dcc92df8d9113,
0xc8106466c714c455ec258e24785398d157b97363,
0xc898df73ed5c6efda0815cf697a0922c92c3dab9,
0xcc75ee371d9e3375d433bf7e3a456746300c2963,
0xcd52633e66e6670f11cfbcc6d958837591c8ebc1,
0xce1055db80ab8e5d218bc4be427ce35a80622dcd,
0xce5d7056cf73c6c710b52661bccfbc725342ab40,
0xcfb273eaf25bc37db2b2a65540bfed0e35530d28,
0xd0b171eb0b0f2cbd35ccd97cdc5edc3ffe4871aa,
0xd20ac5cb462051dc3dea6ac445b794effd649a20,
0xd2e16a20dd7b1ae54fb0312209784478d069c7b0,
0xd58a2e914f31c708442ff58871deb3a57c3322fc,
0xd58d65fbb5c23c632909193dc4076801ae4dc250,
0xd72d080b579cddd5e0b2790071aef5fdf66ee597,
0xd80df9c12982e1746c4f3dfc75e267d404527ffc,
0xdd6c68bb32462e01705011a4e2ad1a60740f217f,
0xdf92c7d29b9782685c3a8c628fe22ec7f5e39878,
0xe07e687dc4b244d574f37490948c7f4aa921d958,
0xe236aebe408c6363deadff4db15938708fe07d3f,
0xe25c208bbef3ee313e841340e91db2d873f104cd,
0xe2fb6529ef566a080e6d23de0bd351311087d567,
0xe412189da2dfa188a1a61633114b8732bbbfba19,
0xebcd512f57c32c879dd6a09552d2af53349b423b,
0xf014581e9d5907817d5a85055793a94cb66a909e,
0xf2c4497e74cd2aff31a8d4e5168f720c061eb218,
0xf441212f3723330a8a135f94e0549c9b185a6dc7,
0xf4a0767888e483143671f873b40376a7d20ba3e4,
0xf52ecc525d998eb880911a268b0fa4bc7d69a435,
0xf56669a5f6d40a3867fdc5befae6f50e02961365,
0xf7b098298f7c69fc14610bf71d5e02c60792894c,
0xf7bd2f34d3be33b09b8e0e05ae0a1773b2a56cdf,
0xf95730d1901c9ee02994091e28839eb1a5d3b3e2,
0xfc2bf6440163760cf957d29ee79e76b8712715e9,
